file_label,house_type
005_dbecd9c4.jpg,farmhouse
003_cfd2b5f1.jpg,farmhouse
004_7a46c013.jpg,farmhouse
001_d2c7428a.jpg,farmhouse
002_5ef9df19.jpg,farmhouse
014_459a0075.jpg,farmhouse
015_8ba3a70c.jpg,farmhouse
008_52baff74.jpg,farmhouse
006_6fd00887.jpg,farmhouse
011_cc99985c.jpg,farmhouse
010_0e38a333.jpg,farmhouse
007_97626a67.jpg,farmhouse
012_f54e5947.jpg,farmhouse
013_5ad1bd48.jpg,farmhouse
026_aad3b74a.jpg,farmhouse
023_ff0578c1.jpg,farmhouse
016_790f8b65.jpg,farmhouse
020_616a995d.jpg,farmhouse
019_4a59cf2f.jpg,farmhouse
024_1c95c094.jpg,farmhouse
018_64add206.jpg,farmhouse
025_98e2a4db.jpg,farmhouse
021_25ad37e4.jpg,farmhouse
017_0dfc2782.jpg,farmhouse
022_51c78928.jpg,farmhouse
027_878521ed.jpg,farmhouse
030_216eaac9.jpg,farmhouse
033_45eb7ee2.jpg,farmhouse
029_f686b27d.jpg,farmhouse
036_5236be5e.jpg,farmhouse
028_23d1ff0d.jpg,farmhouse
032_dc05842a.jpg,farmhouse
034_14736d98.jpg,farmhouse
031_a6f9a9fe.jpg,farmhouse
035_7b4de4fd.jpg,farmhouse
039_dc83afc5.jpg,farmhouse
041_d7474487.jpg,farmhouse
044_d4a75e1b.jpg,farmhouse
037_320160de.jpg,farmhouse
043_0c48915e.jpg,farmhouse
042_eaa91528.jpg,farmhouse
040_6ddfd3e7.jpg,farmhouse
038_044565c4.jpg,farmhouse
048_0a8b5dde.jpg,farmhouse
050_999633cb.jpg,farmhouse
052_618be4ac.jpg,farmhouse
046_d5082f81.jpg,farmhouse
045_1fa1ef27.jpg,farmhouse
053_16b5e17f.jpg,farmhouse
047_0804d0bd.jpg,farmhouse
051_218135c5.jpg,farmhouse
049_745f0b5c.jpg,farmhouse
054_7cb22ae6.jpg,farmhouse
061_0e8f4935.jpg,farmhouse
060_8fb534d5.jpg,farmhouse
056_4e906b2c.jpg,farmhouse
059_94fd029b.jpg,farmhouse
055_55fbf3ef.jpg,farmhouse
057_c04de70e.jpg,farmhouse
058_82ac2ff4.jpg,farmhouse
066_06e190f9.jpg,farmhouse
064_eccb10c7.jpg,farmhouse
067_525b5a32.jpg,farmhouse
069_97ead5a1.jpg,farmhouse
068_dc83e73a.jpg,farmhouse
063_71317d75.jpg,farmhouse
062_a5891b74.jpg,farmhouse
070_c85e7a99.jpg,farmhouse
065_f9ad00a5.jpg,farmhouse
075_7b7e25b1.jpg,farmhouse
073_3528262c.jpg,farmhouse
079_9d8dd98b.jpg,farmhouse
072_e5903d16.jpg,farmhouse
071_bb7d7ce9.jpg,farmhouse
076_6e88ee84.jpg,farmhouse
081_21153085.jpg,farmhouse
074_457187a3.jpg,farmhouse
077_983da0b1.jpg,farmhouse
080_7b525e50.jpg,farmhouse
078_9e2d5f02.jpg,farmhouse
089_b5d6e563.jpg,farmhouse
091_15591778.jpg,farmhouse
088_7c0bcb40.jpg,farmhouse
084_0ad0b5c6.jpg,farmhouse
085_387b3dd5.jpg,farmhouse
082_3fcd524e.jpg,farmhouse
086_ccca5411.jpg,farmhouse
087_1aeb9449.jpg,farmhouse
093_3f1b349c.jpg,farmhouse
101_667d300b.jpg,farmhouse
098_b914588c.jpg,farmhouse
100_b2a006af.jpg,farmhouse
092_bf0fe7e9.jpg,farmhouse
099_4b15f158.jpg,farmhouse
096_74e7337f.jpg,farmhouse
095_8a07badb.jpg,farmhouse
094_02e7c712.jpg,farmhouse
097_b5aadef4.jpg,farmhouse
102_69735c86.jpg,farmhouse
105_43e2cef2.jpg,farmhouse
107_f7dee4c7.jpg,farmhouse
109_e1b4cdd0.jpg,farmhouse
103_cd0a617c.jpg,farmhouse
106_b6cf2353.jpg,farmhouse
108_0ee8f5fd.jpg,farmhouse
110_27477db4.jpg,farmhouse
111_eb12dcac.jpg,farmhouse
112_f21e8af7.jpg,farmhouse
113_70069d9c.jpg,farmhouse
104_56ced730.jpg,farmhouse
114_d96902df.jpg,farmhouse
123_d5fed066.jpg,farmhouse
118_8b40a003.jpg,farmhouse
121_62c24d44.jpg,farmhouse
115_81eaa62f.jpg,farmhouse
122_c18cd897.jpg,farmhouse
124_335423e9.jpg,farmhouse
120_129d96d7.jpg,farmhouse
117_e3fa8b3e.jpg,farmhouse
130_1d93de4f.jpg,farmhouse
129_05d9463b.jpg,farmhouse
134_9ef8d394.jpg,farmhouse
127_7cd6971f.jpg,farmhouse
131_1251d4eb.jpg,farmhouse
126_7665fff2.jpg,farmhouse
133_b0bd7fa7.jpg,farmhouse
125_b3f68f40.jpg,farmhouse
132_726321e8.jpg,farmhouse
128_e118cbab.jpg,farmhouse
140_d274ac2b.jpg,farmhouse
135_bc39d3d6.jpg,farmhouse
145_681f5bdb.jpg,farmhouse
142_12fc668a.jpg,farmhouse
137_16e3cfb6.jpg,farmhouse
143_9dcca86c.jpg,farmhouse
138_e3214308.jpg,farmhouse
139_4a2ee1c6.jpg,farmhouse
141_c25d35de.jpg,farmhouse
144_cb90f7ea.jpg,farmhouse
146_0329359b.jpg,farmhouse
154_5d6e91c2.jpg,farmhouse
157_6ebe0389.jpg,farmhouse
149_0d19bc77.jpg,farmhouse
148_63a4c8b9.jpg,farmhouse
152_ee724dec.jpg,farmhouse
150_5242cddc.jpg,farmhouse
155_ba0fd08c.jpg,farmhouse
156_c294592c.jpg,farmhouse
153_67cb54f4.jpg,farmhouse
147_4fee2ee1.jpg,farmhouse
151_cffbc324.jpg,farmhouse
167_65150acf.jpg,farmhouse
166_cb292a05.jpg,farmhouse
161_ecee3bf9.jpg,farmhouse
159_aaa4c973.jpg,farmhouse
162_f003c15c.jpg,farmhouse
165_4491606e.jpg,farmhouse
164_3efdfd73.jpg,farmhouse
160_e7d18d82.jpg,farmhouse
163_83960f4c.jpg,farmhouse
158_9b01c349.jpg,farmhouse
175_9c8306c2.jpg,farmhouse
172_21f56ceb.jpg,farmhouse
176_b6772afe.jpg,farmhouse
173_e9257949.jpg,farmhouse
174_4f73485f.jpg,farmhouse
168_84d91ee2.jpg,farmhouse
169_6d40c2d4.jpg,farmhouse
170_fc064021.jpg,farmhouse
171_6ec724ed.jpg,farmhouse
177_87458f86.jpg,farmhouse
185_b464ac6f.jpg,farmhouse
183_6f0044bc.jpg,farmhouse
184_4eb75826.jpg,farmhouse
178_63fd8a7b.jpg,farmhouse
179_df3d3b6f.jpg,farmhouse
186_ab31fc0e.jpg,farmhouse
187_5e1d2f23.jpg,farmhouse
182_f4adbb8a.jpg,farmhouse
180_0d970579.jpg,farmhouse
181_7a55eb4a.jpg,farmhouse
190_48347536.jpg,farmhouse
193_01043c6c.jpg,farmhouse
192_f498f294.jpg,farmhouse
194_363587a4.jpg,farmhouse
197_bf820f75.jpg,farmhouse
195_2cbf9c98.jpg,farmhouse
191_7d2fbde8.jpg,farmhouse
196_4a29195b.jpg,farmhouse
188_4095f779.jpg,farmhouse
189_04186645.jpg,farmhouse
205_0ec9560b.jpg,farmhouse
200_83b314c6.jpg,farmhouse
202_698495e0.jpg,farmhouse
203_61a67782.jpg,farmhouse
208_78b28f8b.jpg,farmhouse
206_9b5a908f.jpg,farmhouse
204_365643ff.jpg,farmhouse
201_cc5a22e4.jpg,farmhouse
207_f1c7dfd0.jpg,farmhouse
199_70fa9331.jpg,farmhouse
219_d4a22bde.jpg,farmhouse
213_80e87065.jpg,farmhouse
216_5e175dfa.jpg,farmhouse
212_97c8990b.jpg,farmhouse
217_c0828350.jpg,farmhouse
211_83b24b4c.jpg,farmhouse
210_64c1c7d0.jpg,farmhouse
220_22baf061.jpg,farmhouse
209_9f2a9876.jpg,farmhouse
214_50210ff7.jpg,farmhouse
215_612ef2d8.jpg,farmhouse
225_0b76cdf4.jpg,farmhouse
223_a8888399.jpg,farmhouse
228_13b2eb63.jpg,farmhouse
231_6ca22a93.jpg,farmhouse
230_bedc7993.jpg,farmhouse
229_f79304e9.jpg,farmhouse
224_3642312f.jpg,farmhouse
226_f2a512d9.jpg,farmhouse
221_8dc6cf72.jpg,farmhouse
227_33071f4b.jpg,farmhouse
222_342c73f3.jpg,farmhouse
238_223f3e13.jpg,farmhouse
240_d8c2a566.jpg,farmhouse
236_8b82502f.jpg,farmhouse
234_d36bf533.jpg,farmhouse
237_ae6605ad.jpg,farmhouse
233_ca38f1ee.jpg,farmhouse
242_4ac80375.jpg,farmhouse
241_0a49bf59.jpg,farmhouse
235_9d901e22.jpg,farmhouse
239_9448f80b.jpg,farmhouse
232_ac0a05a9.jpg,farmhouse
247_7ebd437b.jpg,farmhouse
251_39ac24cf.jpg,farmhouse
249_7f09b11b.jpg,farmhouse
252_222859bd.jpg,farmhouse
253_4be9d181.jpg,farmhouse
248_3b23c037.jpg,farmhouse
245_1557cb25.jpg,farmhouse
243_6a3aad07.jpg,farmhouse
250_27aa4502.jpg,farmhouse
244_6d833b6a.jpg,farmhouse
263_8d51db64.jpg,farmhouse
262_3bf2da4e.jpg,farmhouse
258_560ea146.jpg,farmhouse
256_59b0d608.jpg,farmhouse
261_627632e2.jpg,farmhouse
255_f3ded201.jpg,farmhouse
260_475e7e6d.jpg,farmhouse
264_508dcd2c.jpg,farmhouse
259_35cad61a.jpg,farmhouse
257_f1b4cd5b.jpg,farmhouse
274_7ce7d0c8.jpg,farmhouse
273_95a29a86.jpg,farmhouse
266_fc6db45e.jpg,farmhouse
267_4433e7a0.jpg,farmhouse
272_f37b894d.jpg,farmhouse
268_3ad492b1.jpg,farmhouse
270_f2840f7d.jpg,farmhouse
275_a2bf8c5b.jpg,farmhouse
269_8538c762.jpg,farmhouse
265_58b20634.jpg,farmhouse
271_ea60929b.jpg,farmhouse
283_53d0daca.jpg,farmhouse
278_a6f8ead0.jpg,farmhouse
285_4ebca4dd.jpg,farmhouse
282_d7259a74.jpg,farmhouse
277_401b6f77.jpg,farmhouse
284_1d326f0c.jpg,farmhouse
280_8efc2963.jpg,farmhouse
281_71c5d6c4.jpg,farmhouse
276_c4db8cda.jpg,farmhouse
296_c6ed3f3f.jpg,farmhouse
293_7bb557b8.jpg,farmhouse
287_7b48402b.jpg,farmhouse
291_87a33ca7.jpg,farmhouse
292_6504a124.jpg,farmhouse
288_b033fc98.jpg,farmhouse
286_f530fec3.jpg,farmhouse
297_e9c8dc5c.jpg,farmhouse
289_3f06743e.jpg,farmhouse
290_e23ee2b6.jpg,farmhouse
295_604e062c.jpg,farmhouse
294_f336ba11.jpg,farmhouse
301_b73b9663.jpg,farmhouse
306_26da3db8.jpg,farmhouse
308_7bbe87ad.jpg,farmhouse
299_6f2be194.jpg,farmhouse
305_6dc17fbe.jpg,farmhouse
309_504d1fc0.jpg,farmhouse
302_c4d073e7.jpg,farmhouse
300_1f008605.jpg,farmhouse
298_ceace221.jpg,farmhouse
304_7774d253.jpg,farmhouse
307_5d68bc0e.jpg,farmhouse
303_2412904d.jpg,farmhouse
315_00e29993.jpg,farmhouse
319_22c5a6c8.jpg,farmhouse
312_a54097a4.jpg,farmhouse
318_bb9ae7ff.jpg,farmhouse
313_d13a4903.jpg,farmhouse
317_256ee017.jpg,farmhouse
314_29e1e62e.jpg,farmhouse
310_279d4f2f.jpg,farmhouse
316_190fe77b.jpg,farmhouse
311_b10896e2.jpg,farmhouse
328_5c3d419e.jpg,farmhouse
325_8de90412.jpg,farmhouse
321_e6d367c5.jpg,farmhouse
324_b65d6469.jpg,farmhouse
320_c04fa01a.jpg,farmhouse
322_afd3b5d4.jpg,farmhouse
327_6b429c88.jpg,farmhouse
323_8fe1ecc5.jpg,farmhouse
326_9bf095c2.jpg,farmhouse
331_377860bc.jpg,farmhouse
335_234b830c.jpg,farmhouse
329_c7ded944.jpg,farmhouse
338_ad39cc5d.jpg,farmhouse
332_d8654d65.jpg,farmhouse
330_fdbec65a.jpg,farmhouse
334_493d0c20.jpg,farmhouse
337_0c97b88c.jpg,farmhouse
336_8af43ef3.jpg,farmhouse
345_291849f5.jpg,farmhouse
347_e3edd904.jpg,farmhouse
342_9ee8b214.jpg,farmhouse
339_56fe58fd.jpg,farmhouse
349_60f37449.jpg,farmhouse
346_e98ba7a9.jpg,farmhouse
343_354bff03.jpg,farmhouse
348_1d0c305a.jpg,farmhouse
340_325aa844.jpg,farmhouse
341_8b91ebe9.jpg,farmhouse
353_003f4000.jpg,farmhouse
358_26aafa1a.jpg,farmhouse
359_88d2e688.jpg,farmhouse
351_5d81cf4a.jpg,farmhouse
356_10ad3053.jpg,farmhouse
352_01e3345f.jpg,farmhouse
357_27ab49c8.jpg,farmhouse
355_a1185a91.jpg,farmhouse
350_ff091a99.jpg,farmhouse
354_7379beea.jpg,farmhouse
360_28ef686b.jpg,farmhouse
367_43329686.jpg,farmhouse
361_6a54600d.jpg,farmhouse
370_f6d6220c.jpg,farmhouse
363_12412886.jpg,farmhouse
362_3049212d.jpg,farmhouse
364_32ae330f.jpg,farmhouse
369_0626bcb5.jpg,farmhouse
365_b3ec796e.jpg,farmhouse
368_20d72c3b.jpg,farmhouse
366_08eff319.jpg,farmhouse
381_f069d506.jpg,farmhouse
375_45f9cdf9.jpg,farmhouse
373_ba472b9b.jpg,farmhouse
380_05c909d1.jpg,farmhouse
371_893ae863.jpg,farmhouse
376_3473d618.jpg,farmhouse
372_396c03a6.jpg,farmhouse
374_77df1653.jpg,farmhouse
378_8983cba2.jpg,farmhouse
379_cdc988a7.jpg,farmhouse
382_baa9260f.jpg,farmhouse
387_0b9e14a6.jpg,farmhouse
389_08eeac29.jpg,farmhouse
394_a57897a4.jpg,farmhouse
386_83c9296a.jpg,farmhouse
385_f31ff131.jpg,farmhouse
383_b5a6a7c8.jpg,farmhouse
390_96bba0de.jpg,farmhouse
392_9159d942.jpg,farmhouse
393_8f747113.jpg,farmhouse
388_aa0bd42a.jpg,farmhouse
391_70f32c5f.jpg,farmhouse
384_7bba4266.jpg,farmhouse
395_161d702a.jpg,farmhouse
397_54b2527d.jpg,farmhouse
403_4b601df4.jpg,farmhouse
404_9e722677.jpg,farmhouse
400_8a0c8976.jpg,farmhouse
412_d19cdf5d.jpg,farmhouse
414_ee23c62f.jpg,farmhouse
410_c797b13e.jpg,farmhouse
415_4b0724cb.jpg,farmhouse
416_7fc4e8f6.jpg,farmhouse
411_8dfd0fc1.jpg,farmhouse
409_d7dc3872.jpg,farmhouse
406_e5e906d6.jpg,farmhouse
419_b4f308b3.jpg,farmhouse
425_f8d72d81.jpg,farmhouse
418_8033490c.jpg,farmhouse
420_dc34f8c6.jpg,farmhouse
426_306ff0f9.jpg,farmhouse
428_5c14629a.jpg,farmhouse
424_48714127.jpg,farmhouse
430_86c37bba.jpg,farmhouse
433_bbc9b081.jpg,farmhouse
436_4fabd5bf.jpg,farmhouse
429_2a2e0632.jpg,farmhouse
445_9322b45c.jpg,farmhouse
448_7d868af0.jpg,farmhouse
441_c1205bad.jpg,farmhouse
440_7bcf9e9c.jpg,farmhouse
449_60114100.jpg,farmhouse
447_96c74801.jpg,farmhouse
442_851fd59a.jpg,farmhouse
439_ac9a7940.jpg,farmhouse
454_5d952b2d.jpg,farmhouse
460_7096cd26.jpg,farmhouse
451_162695f0.jpg,farmhouse
456_166b5464.jpg,farmhouse
450_6da9c79f.jpg,farmhouse
453_d7b5d246.jpg,farmhouse
467_834e3436.jpg,farmhouse
470_6e733604.jpg,farmhouse
466_9d62b9e2.jpg,farmhouse
463_a64fa3ef.jpg,farmhouse
468_9b21b049.jpg,farmhouse
478_391a1d5b.jpg,farmhouse
489_b14c8ff0.jpg,farmhouse
484_cd8219aa.jpg,farmhouse
487_6af5bc71.jpg,farmhouse
502_8096e397.jpg,farmhouse
002_a45d2d3c.jpg,modern
003_bb4ea859.jpg,modern
006_221a0ab3.jpg,modern
005_86125b98.jpg,modern
004_c3667694.jpg,modern
012_c7d62eff.jpg,modern
016_9184202f.jpg,modern
014_32b0d77e.jpg,modern
008_88b44079.jpg,modern
007_64a3e2e9.jpg,modern
009_91fd0193.jpg,modern
017_ffb23173.jpg,modern
013_61a4ca3e.jpg,modern
015_6216de41.jpg,modern
021_083b8fe4.jpg,modern
024_74f0858b.jpg,modern
018_7868b4d7.jpg,modern
026_312b7c51.jpg,modern
019_61d9365b.jpg,modern
020_b90927d1.jpg,modern
025_bea784dd.jpg,modern
036_d8eb44e0.jpg,modern
029_8907a574.jpg,modern
030_ee93de59.jpg,modern
037_142f03a5.jpg,modern
031_d4da03e3.jpg,modern
033_576a8f1c.jpg,modern
028_955ddd2f.jpg,modern
046_5041581c.jpg,modern
044_12d72bf2.jpg,modern
045_e6f577e4.jpg,modern
041_9c259b38.jpg,modern
042_636dd3d3.jpg,modern
056_944d8eb9.jpg,modern
050_ffb00e12.jpg,modern
052_46fd81f7.jpg,modern
054_37cbf3d3.jpg,modern
053_12ecf892.jpg,modern
057_5af3bcf0.jpg,modern
048_682431f4.jpg,modern
051_68e96008.jpg,modern
067_c93d4864.jpg,modern
058_a50b945b.jpg,modern
066_7daeb46e.jpg,modern
064_92590713.jpg,modern
059_3395ee16.jpg,modern
061_b65cd27e.jpg,modern
062_d080015e.jpg,modern
069_3a6f2b43.jpg,modern
078_abdcd606.jpg,modern
068_b5fe6a9b.jpg,modern
071_101762a5.jpg,modern
077_7688f758.jpg,modern
073_d9fb51c3.jpg,modern
075_a9031600.jpg,modern
084_dae155bc.jpg,modern
088_09d0b4ac.jpg,modern
087_61ec2396.jpg,modern
083_b149d914.jpg,modern
079_ce956224.jpg,modern
086_b1b8130e.jpg,modern
094_c29b2dc0.jpg,modern
089_23d6d672.jpg,modern
095_3cbc2895.jpg,modern
096_788887ff.jpg,modern
093_94e91f0f.jpg,modern
102_18dd749d.jpg,modern
105_1c926771.jpg,modern
109_4eafbe2a.jpg,modern
103_e1440563.jpg,modern
108_52017bd4.jpg,modern
104_0b145adc.jpg,modern
113_3b341645.jpg,modern
112_e6cb24b4.jpg,modern
111_1fc5ed6e.jpg,modern
110_e4ef5fba.jpg,modern
116_32f01ef6.jpg,modern
114_74c3329d.jpg,modern
115_bcdaf595.jpg,modern
127_c0dc9de3.jpg,modern
128_269eef70.jpg,modern
129_eef5c8a1.jpg,modern
125_4eba27a5.jpg,modern
122_ddafaefd.jpg,modern
135_f800cb93.jpg,modern
134_d4b8c73f.jpg,modern
136_976f1a71.jpg,modern
137_731ac830.jpg,modern
133_5e84a551.jpg,modern
131_c09d4a3f.jpg,modern
132_d0960f9b.jpg,modern
143_95243588.jpg,modern
142_ca3ad033.jpg,modern
148_1d4c9050.jpg,modern
146_6d426e12.jpg,modern
145_96c82567.jpg,modern
151_ecd87a9c.jpg,modern
159_f211f05e.jpg,modern
155_732ad883.jpg,modern
153_acb5cd48.jpg,modern
158_ad389511.jpg,modern
152_adcaf5f9.jpg,modern
154_6cb727c3.jpg,modern
161_1c9c1fd9.jpg,modern
166_56582eec.jpg,modern
162_d6cd40f4.jpg,modern
169_c93a813b.jpg,modern
163_4da51d31.jpg,modern
165_51dbbf0c.jpg,modern
168_73a8fa29.jpg,modern
177_3216f03e.jpg,modern
172_fb1c801f.jpg,modern
184_33cd0b2b.jpg,modern
181_946e11fb.jpg,modern
186_464b5bb4.jpg,modern
183_d70e91a3.jpg,modern
196_95e8f791.jpg,modern
195_61df0e7d.jpg,modern
198_f47a6023.jpg,modern
197_e5ae9352.jpg,modern
207_e936bb5b.jpg,modern
200_626f6d06.jpg,modern
208_65f115fd.jpg,modern
201_edbb9f6e.jpg,modern
205_1859864e.jpg,modern
203_686226e0.jpg,modern
202_9b6c0f24.jpg,modern
206_5d3cbf40.jpg,modern
199_e4e5df84.jpg,modern
212_af89d52d.jpg,modern
217_e250b695.jpg,modern
210_80a1abd7.jpg,modern
215_23b53307.jpg,modern
223_050dfa08.jpg,modern
221_e5e753f7.jpg,modern
225_25606f44.jpg,modern
233_ceab4e67.jpg,modern
234_d1da06e6.jpg,modern
229_c8c54b60.jpg,modern
245_579b3304.jpg,modern
244_81b4770c.jpg,modern
238_9fd0124a.jpg,modern
256_cddf3c8b.jpg,modern
251_a8ad17be.jpg,modern
261_ccb6d637.jpg,modern
260_ff34f4ba.jpg,modern
262_8a21b6d1.jpg,modern
264_c9fcdd78.jpg,modern
276_cd4080ea.jpg,modern
272_3262745c.jpg,modern
278_069d12d8.jpg,modern
279_0a7ee454.jpg,modern
280_78fc43a1.jpg,modern
277_36ad4bbe.jpg,modern
289_6a6ec65c.jpg,modern
294_3260f65d.jpg,modern
287_3c9d1617.jpg,modern
292_4b1685e4.jpg,modern
290_13009e8e.jpg,modern
291_93109531.jpg,modern
286_7b871e2d.jpg,modern
303_288622a0.jpg,modern
301_3ae75cf5.jpg,modern
295_cf4856da.jpg,modern
304_56934f95.jpg,modern
308_194e157f.jpg,modern
310_10bdb154.jpg,modern
307_013df7f7.jpg,modern
309_b3f1a9ec.jpg,modern
305_b846ee7e.jpg,modern
321_5cf506ab.jpg,modern
317_e2087386.jpg,modern
315_59373113.jpg,modern
318_8eeda507.jpg,modern
329_9995b296.jpg,modern
334_096048ca.jpg,modern
330_ce3240c7.jpg,modern
341_6f2f4168.jpg,modern
340_ec354aac.jpg,modern
339_c832b6cc.jpg,modern
338_91aaae44.jpg,modern
336_f92dd1e1.jpg,modern
348_c8533d76.jpg,modern
344_6c60f98b.jpg,modern
352_a6c3229c.jpg,modern
347_751841af.jpg,modern
345_5b688cce.jpg,modern
354_daff0be5.jpg,modern
356_efd8fc80.jpg,modern
359_060ac293.jpg,modern
362_e41ed84e.jpg,modern
358_78f4d7c9.jpg,modern
364_19668189.jpg,modern
360_96bf2f72.jpg,modern
366_6a85a605.jpg,modern
367_e6f4bc5f.jpg,modern
373_fa8fd1cd.jpg,modern
365_53a109f5.jpg,modern
370_9b766187.jpg,modern
382_761139e9.jpg,modern
379_c6f67b35.jpg,modern
383_2e64dee6.jpg,modern
381_c7e81177.jpg,modern
380_816941b6.jpg,modern
390_11ee4c44.jpg,modern
388_fbd9baa1.jpg,modern
386_03e0eca7.jpg,modern
391_8115d430.jpg,modern
392_b4ae8b3d.jpg,modern
398_4735d67e.jpg,modern
394_8fc176b2.jpg,modern
395_471fbc61.jpg,modern
402_edb89d69.jpg,modern
399_33c5d6dd.jpg,modern
413_b223781c.jpg,modern
403_e82c5ecc.jpg,modern
410_43ec7ac3.jpg,modern
404_a4502075.jpg,modern
409_a7fd8504.jpg,modern
406_d1b9de5f.jpg,modern
405_8ace563c.jpg,modern
416_287d298f.jpg,modern
420_2b853471.jpg,modern
423_3f910695.jpg,modern
421_983fac27.jpg,modern
435_32929f16.jpg,modern
428_d2a99125.jpg,modern
430_4e0ee28c.jpg,modern
427_31f4d6f2.jpg,modern
433_5591b741.jpg,modern
432_81c52798.jpg,modern
429_bd3086cc.jpg,modern
439_cbec03f0.jpg,modern
441_56cba3a9.jpg,modern
442_b2367682.jpg,modern
443_c3788bc5.jpg,modern
451_1d0b956f.jpg,modern
447_0ffa8cdd.jpg,modern
456_fc7312d5.jpg,modern
449_f4fc9f5c.jpg,modern
448_fa94acf8.jpg,modern
454_3180c2dd.jpg,modern
457_5e2e3a4d.jpg,modern
465_fcc8719d.jpg,modern
462_2dcfa6ea.jpg,modern
474_ebf934b6.jpg,modern
476_018c324b.jpg,modern
469_1ad24162.jpg,modern
466_b488daef.jpg,modern
468_7b15274a.jpg,modern
470_cdf04fed.jpg,modern
472_3b134648.jpg,modern
467_1921a9eb.jpg,modern
479_d0823ba7.jpg,modern
483_19142d94.jpg,modern
477_5cdcd6bf.jpg,modern
485_1c18da79.jpg,modern
484_fbf31c35.jpg,modern
481_2d314672.jpg,modern
478_b9c722d9.jpg,modern
488_e0ddef54.jpg,modern
489_c01ef188.jpg,modern
491_88423045.jpg,modern
493_2782a145.jpg,modern
496_70895272.jpg,modern
499_9d474e01.jpg,modern
501_bcd7edcd.jpg,modern
504_06424815.jpg,modern
502_7bcfd88b.jpg,modern
506_b12a328d.jpg,modern
508_f213ab72.jpg,modern
510_95629ee6.jpg,modern
511_150e9942.jpg,modern
507_7d484885.jpg,modern
509_209287ab.jpg,modern
516_8a0a07fe.jpg,modern
524_adfc8645.jpg,modern
517_546048ea.jpg,modern
523_4d21f920.jpg,modern
519_503dc573.jpg,modern
520_3358c520.jpg,modern
541_a6d7cb8e.jpg,modern
539_897f21ca.jpg,modern
542_18b321be.jpg,modern
553_f514f73f.jpg,modern
548_8521f303.jpg,modern
549_327d20bb.jpg,modern
545_19e7ba20.jpg,modern
255_2b42df1c.jpg,modern
007_f2954e4e.jpg,rustic
005_eda52226.jpg,rustic
004_cabd9dfd.jpg,rustic
003_4600a7ff.jpg,rustic
001_beaee5fe.jpg,rustic
002_8cdb5424.jpg,rustic
006_ec7e3943.jpg,rustic
015_bbf52680.jpg,rustic
010_84618064.jpg,rustic
011_a7b790e1.jpg,rustic
014_716b3285.jpg,rustic
009_f852438c.jpg,rustic
012_f438db3a.jpg,rustic
016_7a2d2615.jpg,rustic
008_a0cf2e04.jpg,rustic
020_c8201633.jpg,rustic
021_6cb715ac.jpg,rustic
022_f8c73e27.jpg,rustic
017_d780b748.jpg,rustic
018_d675e0cc.jpg,rustic
026_01045d0b.jpg,rustic
023_5efdbc2d.jpg,rustic
035_6e7ff66b.jpg,rustic
034_ad26fac6.jpg,rustic
030_9c171c4b.jpg,rustic
032_1fae6650.jpg,rustic
028_977e3b62.jpg,rustic
029_e7108035.jpg,rustic
036_871efa8f.jpg,rustic
027_07aeccc3.jpg,rustic
044_868201d6.jpg,rustic
039_31ff85ea.jpg,rustic
037_326d0815.jpg,rustic
045_9fea1e51.jpg,rustic
042_06b56791.jpg,rustic
040_320b140b.jpg,rustic
047_9a90d884.jpg,rustic
053_9f014739.jpg,rustic
048_9f5d3f2c.jpg,rustic
052_f4f97004.jpg,rustic
055_6622ba93.jpg,rustic
057_28786773.jpg,rustic
056_3336d3b9.jpg,rustic
061_6d3934bf.jpg,rustic
058_7f8c2954.jpg,rustic
060_26c18ddf.jpg,rustic
059_fc270a5f.jpg,rustic
063_15c6964c.jpg,rustic
069_d3bedc1f.jpg,rustic
067_6de6b577.jpg,rustic
082_40db5260.jpg,rustic
078_d09c7ede.jpg,rustic
081_156ea596.jpg,rustic
083_1941f4a1.jpg,rustic
080_1bdfee05.jpg,rustic
077_fd3da9e2.jpg,rustic
079_3da41703.jpg,rustic
086_80f8f853.jpg,rustic
091_1e37e2fa.jpg,rustic
092_0cd80084.jpg,rustic
089_517b8ebc.jpg,rustic
088_925727df.jpg,rustic
087_24c73d10.jpg,rustic
098_cff86baa.jpg,rustic
095_0a434ed3.jpg,rustic
099_93ef5030.jpg,rustic
097_41e7ad48.jpg,rustic
096_0dc661af.jpg,rustic
093_a5e0acc5.jpg,rustic
094_0a543599.jpg,rustic
103_615e0fa4.jpg,rustic
108_c76f77e2.jpg,rustic
105_decde90f.jpg,rustic
104_617fdb69.jpg,rustic
107_01540c65.jpg,rustic
106_253755c1.jpg,rustic
109_9fb25602.jpg,rustic
118_d035210b.jpg,rustic
115_32cb3529.jpg,rustic
113_a877aa66.jpg,rustic
117_d5ce16c2.jpg,rustic
114_dd2dcd98.jpg,rustic
128_841a4e49.jpg,rustic
123_aa386d79.jpg,rustic
124_2360e50d.jpg,rustic
122_e44a0cb3.jpg,rustic
130_3436e91b.jpg,rustic
125_743047fb.jpg,rustic
129_50e2e0b5.jpg,rustic
141_965cfe04.jpg,rustic
139_38ae72c7.jpg,rustic
132_8e5fa493.jpg,rustic
137_038f978a.jpg,rustic
135_8c978f4e.jpg,rustic
133_91a1133a.jpg,rustic
138_03bf52ae.jpg,rustic
136_9f1a39c1.jpg,rustic
150_1454420c.jpg,rustic
143_606cf1bf.jpg,rustic
142_a3bbdd3d.jpg,rustic
147_579b3c29.jpg,rustic
158_0e3358fe.jpg,rustic
151_d0e35309.jpg,rustic
156_55935f6b.jpg,rustic
155_245ae247.jpg,rustic
160_392e08da.jpg,rustic
159_7b4fd689.jpg,rustic
152_3e513879.jpg,rustic
154_dc6f5bd3.jpg,rustic
164_45199ef9.jpg,rustic
168_bbf12d12.jpg,rustic
163_de1fdac4.jpg,rustic
167_ddab6ace.jpg,rustic
177_4cc50260.jpg,rustic
171_18d3b628.jpg,rustic
174_55a7b3f9.jpg,rustic
175_d61edc30.jpg,rustic
172_f807dd8b.jpg,rustic
187_f9d3cf18.jpg,rustic
182_b43618bc.jpg,rustic
188_9b067c58.jpg,rustic
184_ad1b48b8.jpg,rustic
180_ea16e99b.jpg,rustic
186_864572c2.jpg,rustic
193_365009dc.jpg,rustic
196_9adb6d83.jpg,rustic
190_c9f886f6.jpg,rustic
194_a66427af.jpg,rustic
198_7df0d8be.jpg,rustic
197_3ef925ed.jpg,rustic
202_55578dea.jpg,rustic
201_936151d8.jpg,rustic
206_08d285c6.jpg,rustic
204_c24a248a.jpg,rustic
216_8570669c.jpg,rustic
212_aea88577.jpg,rustic
221_cbdbfa68.jpg,rustic
230_4add03cc.jpg,rustic
227_03725725.jpg,rustic
222_8f82cea2.jpg,rustic
223_ad04fd37.jpg,rustic
236_1c4cda1e.jpg,rustic
234_25b7959b.jpg,rustic
257_f69240b9.jpg,rustic
255_c44d1f35.jpg,rustic
254_1355cae0.jpg,rustic
270_b478d734.jpg,rustic
284_404c75b4.jpg,rustic
314_b662db80.jpg,rustic
406_3c50af9c.jpg,rustic
